 {
     "accuracy": 0.7472,
     "mean_pred": 0.6884,
     "mean_true": 0.8188,
     "precision": 0.9110981987216734,
     "recall": 0.7659990229604299
}
